-1.000000000000000000e+00,-5.269796118888679937e-01,-5.965773354444527943e-01,-5.938662199212549897e-01,-5.730481914579452773e-01,-5.275627257889529131e-01,-4.512238883706907733e-01,-5.017415319203903934e-01,-4.453330231529438743e-01,-9.492299863805787608e-01,-3.959872319953027242e-01,-6.059277838365539903e-01,-7.158785903260991290e-01,-5.915511134872654120e-01,-4.640796171419345195e-01,-6.024690732108437530e-01,-4.734572336796041281e-01,-5.577332582956826545e-01,-3.918154474582438151e-01,-4.097302280148527043e-01,-4.835420961462279510e-01,-6.081393643634122048e-01,-5.375608679526583389e-01,-5.131048623370366712e-01,-5.161698797465226196e-01,-5.794213919138110347e-01,-6.654306917337065030e-01,-4.981392197302941804e-01,-5.635966506041805157e-01,-5.072478927855412767e-01,-4.991331186111923612e-01,-5.755943727438520563e-01,-4.798153149313563737e-01,-5.575905936076791525e-01,-4.892234520543621845e-01,-4.810977059047121251e-01,-4.768565483366412061e-01,-3.614995528114336998e-01,-6.558402463995002263e-01,-5.206447415933205258e-01,-6.916103084815583557e-01,-4.837843482951039720e-01,-5.057256823036084814e-01,-3.563025328648330436e-01,-4.854173024284509363e-01,-4.779631464692749021e-01,-5.000691443016314075e-01,-4.002220370052119724e-01,-4.926238145645738808e-01,-4.591862505505264758e-01,-4.658594831865362496e-01,-5.257357215816176321e-01,-2.688612508794291922e-01,-5.852003239953813551e-01,-3.923838303537289240e-01,-3.755843310090395404e-01,-6.012327539291060230e-01,-3.791886358315841865e-01,-5.214355579658089823e-01,-6.547421362943758316e-01,-7.618637032032176126e-01,-3.764593669707406165e-01,-6.068948218998916344e-01,-7.446264039388819089e-01,-7.256848294574228531e-01,-5.942045350681336435e-01,-4.530016574638256466e-01,-5.123809804181895800e-01,-7.103989777809865958e-01,-5.370276459309826222e-01,-4.296295208993281545e-01,-7.558776886030369457e-01,-4.173889349680612315e-01,-5.458116270824805438e-01,-4.448044476639033684e-01,-4.615508571930453385e-01,-1.000000000000000000e+00
-1.000000000000000000e+00,2.631108630797647681e-03,-1.000000000000000000e+00,-1.205696506029407394e-01,-1.000000000000000000e+00,-4.705518493026369931e-01,-1.000000000000000000e+00,-6.603369545771824445e-01,-6.014305966661461778e-01,-1.000000000000000000e+00,-4.161843681307683118e-01,1.472624309702435796e-01,-3.897430276356213946e-02,-5.902136068906036620e-02,-2.688612508794291922e-01,-7.673969959561277587e-02,-4.915272263941460884e-01,-8.681842593358335414e-02,-5.790971795901127955e-02,-2.127887578683356276e-02,-2.848098532491795745e-03,-7.078783497979732053e-02,-2.692444878736208747e-01,-5.861399100642623178e-02,-4.470711321211514461e-02,-1.000000000000000000e+00,-1.000000000000000000e+00,-7.727933047947055378e-02,1.231949181704205566e-02,-1.000000000000000000e+00,1.261370787341340068e-02,-1.000000000000000000e+00,-2.758776003583975414e-02,-1.000000000000000000e+00,-1.725192940682100662e-01,-2.688612508794291922e-01,-2.066157828335870791e-02,2.739862509814117858e-02,-1.892683124322531718e-01,-5.902136068906036620e-02,-1.000000000000000000e+00,-6.341654916661159103e-01,-4.787011410697986635e-01,-4.591862505505270864e-01,1.074917086518051811e-02,-7.968635182276820328e-02,-1.000000000000000000e+00,-3.997091291560596060e-01,-3.801942386367880844e-01,-2.688612508794291922e-01,-4.352945854592033537e-01,-6.440648701187451364e-02,3.916856679561397242e-02,-9.055169455977641127e-03,-1.433628384206082351e-01,-5.237964595776422039e-01,-6.937273097810787992e-02,-2.523461693081050505e-01,-7.159705758350971838e-02,-1.000000000000000000e+00,-5.902136068906097682e-02,-3.553887355950014620e-02,-1.887778275329579369e-01,-6.336132444375751349e-02,-2.492187635970922743e-01,-1.000000000000000000e+00,-6.821673489349678876e-01,-6.299963597023523487e-01,-2.977202734636723580e-01,-5.902136068906036620e-02,1.313036389820363137e-01,-6.946065687294680213e-01,-1.000000000000000000e+00,-1.000000000000000000e+00,-1.000000000000000000e+00,-5.314894572693419361e-01,5.983648824046351386e-03
-1.000000000000000000e+00,-2.706360827180532280e-01,-5.204572151040812722e-01,-1.432526243317645311e-02,-1.132126010361443197e-01,-2.240841121770111022e-01,-5.510043477886132912e-01,-8.217319655383444887e-01,-2.688612508794291922e-01,4.986190564764417243e-02,-6.761908657574955406e-02,-2.419348458775109900e-01,-2.992018457542597876e-01,-1.219222204698223316e-01,-2.322655107290245644e-02,-2.882709808986951439e-03,-3.333341012280821580e-02,-2.994342947707881106e-02,-3.723616858567287136e-02,-1.096491008588157401e-02,-4.999684288333882537e-02,-2.993514211801342681e-02,-6.320705989348994469e-02,-8.521161249655875153e-03,-2.561490499470441343e-02,-1.431464602354478588e-01,-5.813449426634439421e-01,-7.814803309046591817e-02,-1.108580446840216199e-02,-2.681021064795966347e-03,-1.423449403252222828e-02,-8.333245925484440708e-02,-1.092191265088574307e-03,-2.978861589234150231e-01,-1.468196034477504686e-01,-4.823467703469910273e-01,1.353322289198962552e-02,1.548524442552569498e-02,-1.207916319072713657e-01,-7.132933931197434074e-02,-2.854473681158956611e-01,-3.795997821587610566e-01,-9.373207841733539880e-02,-9.349514036099786374e-01,1.455890593960103459e-02,-6.989981991085773838e-02,-1.208630887260464803e-01,-4.730650405581766638e-01,-6.528083067007947049e-01,-1.175660322468754654e-01,-1.713427877605863681e-01,-4.901363097331283558e-02,1.954677552628448708e-02,-2.687637262182135389e-02,-2.230008487125427832e-02,7.551850848091520331e-03,-2.532302267804001795e-03,-2.245128264829873710e-01,-1.000000000000000000e+00,-3.188798569757692047e-01,-1.770231801674209682e-01,-5.409739031396834132e-03,-1.303358486069134681e-01,-8.583120681812995978e-02,-5.701100210340960539e-03,-4.010248159869038709e-01,1.020532574490240095e-03,-2.492980563993770216e-01,1.446813679631338279e-02,-1.000000000000000000e+00,-1.787017237465597930e-01,-4.204635433613218010e-01,-1.289815114063277979e-01,1.036893371029462552e-01,-7.853625120833247764e-02,-2.688612508794291922e-01,-1.000000000000000000e+00
-1.000000000000000000e+00,-7.405793810508574937e-02,-2.075902863258747566e-01,-2.733420921169503193e-01,-1.040649105208349967e-01,-5.394453340054496115e-02,-5.705192383078847573e-01,-4.006415789927120219e-01,-2.688612508794297473e-01,-5.705192383078847573e-01,-6.068628109524148577e-05,-1.248963133880063719e-01,-1.298433925587521090e-02,4.824338748104022856e-01,5.491093872864144521e-03,-2.006039337875693135e-02,1.346706267477038033e-02,-6.028007355758756985e-02,-3.046943329453925819e-02,-3.096860459719527614e-02,2.735363707128934951e-02,6.421127463986693595e-02,-2.298314698408862045e-01,-6.192307585020323524e-02,-1.192065198549848923e-02,-1.000000000000000000e+00,-5.933113457353834247e-02,3.165570720022254508e-02,2.244731018016761850e-02,-4.373554503685801731e-02,-1.000000000000000000e+00,-4.638129913673644245e-02,-9.518643309100977695e-03,-1.861886158315734230e-01,-1.339027364297300238e-01,-4.185974482126953444e-01,1.098557617708607360e-02,2.272041621130738501e-02,4.734892157369779628e-03,-5.500089117461795518e-02,-6.865441235070185444e-01,-4.591862505505270864e-01,-3.458132597479940396e-01,-7.255739045455621428e-01,-2.164432296173924089e-02,-4.434563213895341416e-02,-2.493463603601576706e-01,-9.146027674597336787e-01,-3.691619964715269209e-01,-1.000000000000000000e+00,-2.686288700143425467e-01,-2.434761897589683699e-03,3.335972568073940908e-02,2.257639948904086036e-02,2.286342428001279792e-02,-1.000000000000000000e+00,1.486379178106427695e-02,-2.569063291375456859e-01,2.444115834318292060e-02,-2.605484141461511527e-01,-1.000000000000000000e+00,-8.746120217641963014e-05,-1.961366534392797456e-01,-2.872360157814448853e-02,-3.737357787685124250e-02,-2.453742589789424111e-01,-3.798030976961275229e-01,-1.531882993673740756e-01,-2.530841198499547695e-01,-1.000000000000000000e+00,-7.184983891408059931e-01,-9.072676712496280382e-01,-1.000000000000000000e+00,-1.000000000000000000e+00,-3.449239052033671871e-01,-1.000000000000000000e+00,-1.000000000000000000e+00
-1.000000000000000000e+00,-5.902136068906101152e-02,7.438920939104239072e-02,-5.348273276473149845e-02,-1.996099468198056850e-02,-1.063331202341123577e-01,-2.306750753529901790e-02,-7.671949137733542247e-05,-3.569484562890620771e-02,-1.640719569196147642e-01,-5.207123509998101002e-02,-1.831262592165235625e-01,1.388503795641407232e-02,1.761205711830861331e-02,-9.209826361452384466e-03,-3.620941369061823900e-02,1.241711683139136348e-03,6.053050635739702125e-03,4.267896076262947536e-03,7.713807275419261658e-03,-1.734500512463220054e-02,-1.844697813884495219e-02,2.368625854728361249e-02,-2.720617955549762407e-02,-2.764377307654520936e-03,2.059837296102271648e-02,-5.100763905556847666e-01,-2.350837113310820352e-04,-8.322861311982095514e-03,2.691718003571758402e-02,1.256472881054606500e-02,-9.685964983905702430e-02,5.073019831635581373e-03,-1.947464809786449147e-01,-1.497177626717560439e-01,4.116925971109163668e-02,3.991749325955296773e-02,3.096955459743364752e-02,-2.325206114006450261e-02,-3.420776974589308239e-02,-5.120878323673343918e-02,-6.329737205196838135e-01,-1.372414102603342935e-02,-3.536768801511844945e-02,-9.426523079016820017e-02,-1.696589300022633418e-01,-2.688612508794291922e-01,-1.095975696424756007e+00,-5.790914174080238341e-01,1.492090200602743354e-02,-1.468213826402738342e-01,-5.944430116341773568e-03,-5.669175214573988174e-03,4.180128108796266062e-02,1.217104590213338895e-02,1.531227513233221135e-02,1.454143594454588781e-02,-2.691749947460984060e-01,-2.812186469931124977e-01,-1.762930225955225416e-01,-1.428756061434042525e-02,-2.279109434377981844e-02,-1.259317369766564942e-01,-4.144462531922855908e-02,-1.717955759537122817e-01,-1.519134594182616760e-01,3.511207090891108745e-02,-2.688612508794291922e-01,-4.836203927019028237e-02,2.253040596371531229e-02,1.368872551603085401e-02,-4.846945664008636134e-01,-2.147649546492190475e-02,-1.000000000000000000e+00,-7.413293474597105748e-01,-4.477707713910741849e-01,-1.000000000000000000e+00
-1.000000000000000000e+00,9.209295153428489686e-03,1.282404853825769644e-02,-5.902136068906036620e-02,3.250248944474472268e-02,-1.306947671285635937e-01,-5.223139139377666051e-01,-4.737067227138792164e-02,-1.167726875379816731e-02,-1.000000000000000000e+00,-9.842872040224298624e-02,-7.853625120833250539e-02,-2.815827931491186181e-03,-2.393973397057555172e-02,-5.778520412710155818e-02,-1.568645592658430427e-02,-7.906578925618225340e-03,-1.461166656570378215e-03,-3.095730588883236975e-02,2.813101905653117921e-02,-1.478547339337017187e-02,-1.495779621193425550e-02,1.244782725435384860e-02,3.552361594803028072e-02,-4.326955194066118594e-03,-1.999799428712511692e-03,-2.706930598417923162e-01,-2.484070423847059214e-02,-7.287778492126625873e-03,-3.592554125108561591e-02,3.021137481338621589e-01,-1.122742059831688538e-01,9.721604394916391265e-03,-1.220659521071937731e-01,-8.664763575067511991e-02,1.502888579361050855e-03,3.156296696586017442e-02,4.222069340185289482e-02,1.463484067840526044e-02,-8.336422562359520338e-02,-3.777660606205398121e-04,9.227385794349335368e-02,1.065664401738206438e-02,-7.062025441105089507e-02,-1.915177520303221539e-02,-4.994299925366156578e-02,-1.000000000000000000e+00,-9.539187073197472611e-01,-2.161902136072986202e-01,2.853251578119020762e-03,-6.391217298736433239e-02,-2.233178253352663747e-02,-1.057157465049522738e-02,1.497434631441220583e-02,2.529043335758533045e-02,-9.639859288281883362e-03,9.133348674062728711e-03,-5.052822883395059472e-01,-7.602680625199843556e-01,-2.312891615434903014e-01,-1.030759278334832281e-02,1.855409773253571121e-02,-1.073195905732800132e-01,-4.407625056993484669e-02,-1.224556302955845249e-01,-2.009051493840706970e-01,2.318292203120731615e-02,-2.688612508794297473e-01,1.973567187442770363e-03,-3.560223705824636792e-02,-4.205397065061752815e-01,-5.990659900236282587e-01,-2.854901747076103447e-01,-2.688612508794291922e-01,-5.705192383078847573e-01,-6.041990776562766730e-01,-1.000000000000000000e+00
-1.000000000000000000e+00,-1.000000000000000000e+00,4.097183717899347509e-03,-6.316531180036018267e-02,-1.234675565125189535e-02,-1.000000000000000000e+00,-1.806086337778088982e-02,-2.752903618591253099e-01,-2.190538530641083365e-02,-3.592687419526208181e-01,-3.212476999730023292e-02,-6.495112502216241479e-01,-9.691695849451263667e-02,-6.578399715795736624e-02,-2.309495526927601849e-02,-1.000000000000000000e+00,2.825106707834676694e-03,-2.197070759985420008e-02,4.694960639941870087e-03,-4.365760341980406013e-04,2.267845430068075874e-02,-1.173306731668477369e-02,2.713998797166372254e-02,3.369872893608034936e-02,-5.378334086396731155e-03,3.055479493325739815e-02,-1.564728167656991853e-01,-9.772226585058248552e-03,8.070507418706565281e-03,-1.000000000000000000e+00,-1.946328275333443535e-03,4.728416156688580556e-03,-1.442112195767420932e-02,-7.281926690718967810e-02,-4.946008655586886515e-02,-1.000000000000000000e+00,1.407765767659795164e-02,6.871427254179064345e-03,-1.000000000000000000e+00,-1.000000000000000000e+00,-1.000000000000000000e+00,-7.698760991754538541e-01,-1.895006141131111215e-03,-3.124414999663040482e-01,-6.432129811134285058e-02,-4.455347749572081961e-02,-1.000000000000000000e+00,-9.077626820394851803e-01,-1.000000000000000000e+00,-2.305171216138032775e-02,-1.000000000000000000e+00,-2.630258396413865524e-02,1.109301187170403866e-02,-1.000000000000000000e+00,2.721237347374800847e-03,-1.296452633300864549e-02,5.212669096808375188e-03,-1.000000000000000000e+00,-1.000000000000000000e+00,-1.000000000000000000e+00,-1.497564696721268712e-02,-1.258553256872126103e-02,-9.382130078174964749e-02,-2.254069037402061521e-02,1.476302834320030767e-02,-6.895231761879946908e-02,-1.000000000000000000e+00,-4.742732066625950371e-01,-1.341849438247345178e-02,-1.000000000000000000e+00,-2.933473029614650819e-03,-2.958300793075678836e-01,-6.915716605057125044e-01,-4.591862505505270864e-01,-2.688612508794291922e-01,-1.000000000000000000e+00,-1.000000000000000000e+00
-1.000000000000000000e+00,-1.224927515484493662e-01,-2.890267770203365245e-03,9.227385794349335368e-02,9.710661202706010603e-03,-4.472753285703237602e-02,-2.382452351948469160e-01,-7.940255131350440476e-02,1.208037186088945641e-02,9.227385794349335368e-02,-8.071595506263307129e-02,-1.941495696469016097e-01,7.171455722572639933e-03,-7.181802023355887687e-03,2.563293702746239841e-02,-4.147054698298649478e-02,-4.823532262686672928e-03,4.951435903233546675e-03,1.621881706310436197e-02,2.484699650887106648e-02,6.641884047004010735e-03,-2.123071101206178840e-02,-4.017294174176914458e-03,-3.780542680857285759e-02,1.970410884261735579e-03,-2.846485954008596674e-03,-5.676316537125974948e-01,-4.758459213302333041e-02,-2.065799547011034493e-02,-4.247711299717384092e-03,-1.543368678896872397e-02,-5.456384981569497444e-02,1.113436738335505868e-02,-7.577538811948102138e-02,-9.290262233345267240e-02,8.953016587452506617e-04,7.480926292631170753e-03,1.701058740060682958e-02,-5.033472800446874007e-02,-1.976155566618208528e-02,-1.246673263011282423e-01,-4.177912509725975054e-01,1.062475561687909733e-03,5.027587463725080932e-03,-6.263064916508956359e-02,-6.442134904965295117e-02,-4.201564695119835990e-01,-7.178506120292357240e-01,-2.102286602000692506e-01,1.314820390087017947e-02,-2.097949228347453093e-02,4.790731418462135065e-03,-1.777104440419867773e-02,2.053393501800217583e-02,-1.679232512285873738e-02,-5.431309641061947413e-02,-1.384686682277366104e-03,-3.122679759686522449e-01,-3.993826570520366825e-01,-2.673274298947216424e-02,2.131080858057265905e-03,1.196136032294353203e-02,-6.147108210971481690e-02,1.537305898857148877e-02,-2.021214011055581794e-02,-1.665879218598446121e-01,5.061799176515890275e-05,-2.766341901352254440e-01,-1.089586974219772415e-02,9.498686662313655200e-04,-2.688612508794297473e-01,-6.912390448850238567e-01,-1.997061808587953791e-01,-2.688612508794291922e-01,-2.688612508794291922e-01,-7.323771791484557925e-01,-1.000000000000000000e+00
-1.000000000000000000e+00,-1.292644889455263901e-01,5.370502712853604359e-03,-1.479954935963797846e-01,-4.580218784147203903e-02,-2.032931148320727133e-01,-1.849314220273084314e-02,-6.588775633099008822e-01,3.356014202813963152e-03,-1.165231249713499784e-01,-5.124709483880878630e-02,-4.838283715467448648e-02,-3.660325489274819655e-02,1.436060347832133002e-02,3.010600136115605674e-02,-3.100558908929377036e-02,1.222836694357058718e-02,-6.482743154518791004e-03,8.846033113763478563e-04,1.565885282665881867e-02,-1.720309627510596684e-02,-1.713534284236364544e-02,2.881215113500791916e-02,-1.702257038910467632e-02,3.869778119589595972e-03,4.684811036333455872e-03,-8.567508623189952488e-02,1.462940325409424654e-02,-1.714519683043203881e-03,-1.337342109469592255e-01,-8.627468472633069083e-03,-4.661979935744121201e-02,-1.286445219386514460e-02,-6.841594924694982538e-02,-4.720670274874434746e-02,-1.704426388391342903e-02,1.230203628743497049e-02,1.172017457753881178e-02,-4.843094674603120459e-02,1.949779627706226329e-02,-7.366215589035828536e-03,-2.549680240614050630e-01,-1.682910257884185912e-01,-1.565242996555253063e-01,-5.381318061947921137e-03,2.478159416247045777e-02,-1.000000000000000000e+00,-5.449383344469691526e-01,-1.299926214158964310e-01,-1.091911337531625316e-02,4.870076407619669534e-02,1.493447826513370942e-03,-6.910018855709484584e-03,-9.186654864090246231e-02,1.185949257258467511e-02,-2.735455516230090209e-05,1.490812880235764006e-02,2.467552406170052479e-03,-4.532837486016904477e-02,-4.352441601484898642e-02,-2.069008547335531023e-02,-1.133716152620545259e-02,-8.212045686046864912e-02,-3.934621038959581346e-03,-3.176604740915826841e-02,-3.273923257259735153e-02,-1.276057766051995638e-04,-1.658805316897797311e-01,-8.263259021345549515e-02,-8.832758171683981196e-02,-5.200739781098893122e-01,-1.991149239543269500e-01,1.866366870302004453e-03,-5.900341288271568896e-01,-1.000000000000000000e+00,-5.902136068906097682e-02,1.160908712434239182e-01
-1.000000000000000000e+00,-4.373534862020998781e-02,-8.742612105898665831e-02,-4.928429132249906308e-01,1.167517120053695318e-02,8.567406943505649977e-03,-8.534788411613416603e-05,-4.396713600312550096e-01,3.269903104440211733e-02,-2.883571300782378777e-01,-1.601324241833257736e-02,-2.071499324645151296e-01,-3.163834018479765031e-02,1.056586518153068872e-02,-4.222270284628295949e-03,-1.442397052090701147e-02,-2.155502877394387465e-02,-3.203671024678028667e-02,-1.520365566906770960e-03,-8.897705994454069983e-03,6.159547074245920635e-03,-7.502388573084237643e-03,4.989618627020239901e-03,-9.347375601039903392e-03,-2.629356166983561754e-03,-1.143131935752958184e-01,-8.051641450932862931e-02,-7.325781388905392225e-03,1.971443585296930867e-02,-8.577764115292547675e-01,6.909391783916576588e-03,-3.279349611024096750e-02,2.707368305038425002e-02,-1.063060480362922056e-02,1.858388969023019172e-02,-6.798518450964543547e-01,-8.645953409569912332e-03,3.059686239456400891e-02,-2.348497978118985283e-03,1.791752609190740836e-02,1.334332871112630520e-02,-3.397581979669375141e-01,-5.204572151040812722e-01,-8.812090869328124132e-01,1.156889142393749056e-02,-5.051647916998114850e-03,-1.376981106285852727e-02,-5.848820298740453616e-01,-9.214622900537243477e-02,-2.226254985808865106e-01,-5.834966887405809710e-02,-6.141231731792794885e-02,1.729827485962594918e-02,-3.587502504525255653e-02,6.684539740293570127e-03,-2.321231321016778149e-01,1.946433536177519588e-02,-1.844764915504361336e-02,-1.784537598062378994e-01,-3.529996410854320272e-03,-1.898380669138042820e-01,-9.545724685290867245e-04,-1.223574151190005149e-01,-2.525062223612977580e-02,1.548497424250619599e-02,-2.345611300236092600e-01,-3.140958880378647011e-01,-1.505764757796047015e-01,-3.231010704693541014e-01,-2.935027925126295623e-01,1.313036389820363137e-01,-2.139991300417809494e-01,-6.717524337366349574e-01,-3.997091291560596060e-01,-7.022995664211677536e-01,9.227385794349335368e-02,-1.000000000000000000e+00
-1.000000000000000000e+00,-1.404894753967962651e-01,-2.240808999212945685e-01,-7.103989777809865958e-01,-2.423239366752893420e-01,-7.905172825578732354e-02,-9.500756567905903338e-02,-8.573174218414896242e-01,-4.653424128127855303e-02,-1.033435279173962155e-02,-1.717608953491350440e-02,-1.555137756717717701e-01,-9.369550321047881436e-02,-2.351705696431680148e-02,-5.732344478749381578e-01,-7.137230524481247979e-03,-1.584223885574208637e-02,3.398959653241972328e-02,6.678089348554386642e-03,3.665793020236779790e-03,-6.986728293363680346e-04,-6.309925420770376957e-03,-1.371686899845362684e-01,3.150496685894933063e-02,6.987029864257787368e-03,-1.000000000000000000e+00,-2.298314698408868428e-01,-2.227060328204472431e-02,2.978400283858131936e-02,-4.396713600312550096e-01,-1.092380118635326823e-03,-3.074333960585052747e-02,6.869674815493387321e-03,-2.613952175741426215e-02,-1.505512009321144026e-02,-1.175660322468754654e-01,9.999133990838881755e-04,-6.357000619696639944e-04,-6.316090376668100081e-02,-3.564760123484232018e-02,-1.110245751919047702e-01,-5.293569830888753547e-01,-1.000000000000000000e+00,-5.858248928526338384e-01,-2.545884888830251755e-02,3.980441928719429846e-03,-2.931328901589596095e-02,-5.029977515744044059e-01,-1.160458003894314777e-01,-2.688612508794297473e-01,-5.654460176526530935e-02,1.792115517939548222e-02,-1.733226734232222455e-02,2.037210092084464855e-03,-2.533804249016514964e-02,1.117887484627648476e-01,-1.236551947534595720e-02,-1.071121663187234729e-01,-7.446264039388819089e-01,-3.795242313030774278e-02,-4.396713600312550096e-01,1.348277761706192374e-02,-1.384863866162248380e-01,-5.612945528114959143e-02,1.327387665517886471e-02,-1.632024703115541320e-01,-3.146695935512994202e-01,-6.690261407408956140e-01,-5.645878729434918863e-01,-4.591862505505264758e-01,2.231217362201234067e-01,-2.762316333501014243e-01,9.227385794349335368e-02,-5.902136068906070621e-02,8.028551789728072957e-03,-5.546459454277875845e-04,-1.000000000000000000e+00
-1.000000000000000000e+00,-1.061140519711566976e-01,-8.008064688541779441e-01,-6.299963597023525708e-01,-5.902136068906036620e-02,-2.688612508794291922e-01,-1.670670893750242081e-01,-7.369525728876599180e-01,-6.948565541153316205e-02,-2.298314698408862045e-01,-2.642846073497208126e-01,-2.512016253027856694e-01,-6.740725383220718125e-01,-4.340320856671014971e-02,-2.274728107173517866e-01,-1.252044658072758165e-02,2.986269804114870989e-04,-1.719456720458506158e-02,4.793684666769331901e-03,2.153188293916748208e-02,-2.079735233200668831e-01,-9.649811837219730501e-03,2.193998730102257252e-03,8.589758706822851406e-03,-4.087409903525309751e-01,-5.200739781098893122e-01,-2.688612508794291922e-01,-4.591862505505264758e-01,-1.000000000000000000e+00,-5.705192383078847573e-01,-7.128486992016412893e-01,-3.885573071584339511e-01,-6.987414420790341030e-01,-6.128460758255991347e-01,-1.686916679566204391e-01,-3.288672013651794401e-01,-1.762929059323847109e-02,-2.436479032203502787e-02,-2.019636999875330102e-02,-3.980130844370756704e-01,9.227385794349335368e-02,-2.688612508794291922e-01,-2.493463603601576706e-01,9.227385794349335368e-02,-2.493463603601582812e-01,-4.591862505505264758e-01,-1.784537598062378994e-01,-2.688612508794297473e-01,-5.705192383078847573e-01,-2.493463603601576706e-01,-1.100822420948131264e-01,1.936822403238666612e-02,1.877704268872846041e-02,3.896027903643715234e-02,2.431192627534347825e-02,-5.200739781098893122e-01,-2.753225229604065738e-02,-2.493463603601576706e-01,-1.000000000000000000e+00,-2.965496747359018248e-01,-5.510043477886140684e-01,-2.134178830616381348e-02,-1.202700999103629015e-01,-4.591862505505264758e-01,-4.222235584286872512e-01,-4.546108974919546020e-01,-4.201564695119835990e-01,-6.299963597023523487e-01,-7.527258152987007511e-01,-4.010248159869038709e-01,-1.147559930110492177e+00,-6.069562052848035405e-01,-1.000000000000000000e+00,-1.000000000000000000e+00,-5.213993141766342099e-01,-2.184159906814336083e-01,-1.000000000000000000e+00
-1.000000000000000000e+00,-4.035565689693902669e-02,-7.413293474597105748e-01,-7.413293474597105748e-01,-1.459574381160906320e-01,-5.315696711747117109e-02,-8.476396757932828235e-03,-4.915272263941460884e-01,-1.864642969185378862e-02,-1.814310484669886814e-01,1.826163846905642192e-03,-8.183784342574438805e-03,-2.969234482728756990e-03,1.924666132322006007e-02,-2.168390636406665184e-01,-2.186652461596497524e-02,-5.330265044995708378e-03,-4.296968998367737408e-03,-5.659364205866868752e-03,6.644105334139758373e-03,-9.154486712867187029e-03,-1.353779808638581536e-02,-5.750069080217411893e-02,-2.742163187548337169e-02,-5.954818963256325141e-03,-5.902136068906036620e-02,-3.148735981632634351e-01,-9.484489716073015581e-03,4.229176166889676847e-02,-9.805114172760397151e-02,2.632553145244955276e-02,1.449407706538354337e-02,1.564167779953534385e-02,-2.638113616095396491e-02,-5.268960187049101301e-04,-5.314894572693419361e-01,7.566975110742835998e-03,3.238520157183909925e-02,-2.807471733956023313e-02,-1.162760197592513871e-04,-9.033443687161281377e-03,-5.110421169134176100e-01,-1.000000000000000000e+00,-6.990025099419970855e-01,-6.880370074598002490e-03,1.398056790960268587e-02,-1.388087352858399515e-01,-6.442458024442059283e-01,-1.362504693701017955e-01,9.227385794349335368e-02,-1.064964286620065925e-01,-2.456141892700098098e-02,5.145684865898599546e-04,-2.390901905314555403e-02,4.160010474223066641e-03,-1.000000000000000000e+00,-2.234725603633395952e-02,-1.702165545990057538e-01,-2.182626734903781937e-02,-2.602574825111625412e-02,-4.591862505505264758e-01,2.832070497244632088e-03,-1.873063234149636158e-01,-3.947522162924653466e-02,-2.241188706599719915e-02,-3.061603593709362470e-03,-6.495825028767384657e-01,-1.721607488474600212e-01,-5.021339222079161946e-01,-5.945774416559106434e-01,-1.000000000000000000e+00,-1.685333592152210846e-01,-2.688612508794291922e-01,-4.477707713910741849e-01,-1.000000000000000000e+00,-1.000000000000000000e+00,-1.000000000000000000e+00
-1.000000000000000000e+00,-4.788629992531040491e-02,-1.054002483711804355e-01,-9.805114172760397151e-02,-1.650043333095249642e-02,-7.542304403976426985e-02,4.853556537707959251e-02,-2.688612508794297473e-01,1.154920282102076673e-02,-6.912673242559065345e-01,-9.077052434140805287e-03,1.269099275789752762e-02,-3.997626457577638757e-03,4.557497018525506413e-03,2.394564453069197504e-02,-1.667710524066361253e-03,-2.547476827477113820e-02,-1.201446800477513552e-02,-6.432156508936042252e-03,-4.295583040178612561e-02,-1.331293892225317299e-02,6.362721834118965740e-03,-1.310735733278175748e-03,-9.408402247305934149e-03,-1.713926329704762441e-02,-8.914914736435913681e-04,-1.423921584170347865e-01,-1.546639419513175587e-02,3.407365617461229155e-03,-3.238578345940624770e-01,1.167697332548190206e-02,-6.424222609251510618e-02,4.148768088580937451e-03,-8.683445621186586250e-02,-1.479066271217051587e-01,-1.398874412685724156e-01,4.871061884459257016e-03,8.205561954958573044e-04,-4.033520847614992938e-02,5.938806296976167215e-04,-1.449809716255882619e-01,-4.585783262989830411e-01,-4.396713600312550096e-01,-6.431620369962319783e-01,-1.349406241112607527e-02,1.261270123523463779e-02,-5.086584989504371324e-01,-6.408930637141674325e-01,-1.586332180666373548e-01,3.119388936271737592e-02,1.806518958993972787e-02,-3.172590415276391185e-02,1.052121656966477185e-02,-1.976480950298270534e-02,-2.229383825695446103e-02,-2.658950824722730033e-01,4.041252318935298696e-03,-1.057707927075108717e-01,-5.722240159365080681e-01,-6.645034298961985386e-02,-4.116417840049613197e-01,-3.699548835287653700e-03,-1.203973940935644943e-01,-3.015100670521259421e-02,1.616937266517024657e-02,-1.000784102169231284e-02,-1.101798526372291115e-01,-4.788654908851101566e-01,-4.034864379764773745e-01,-2.376991182942717884e-01,1.956190386580708984e-01,-1.682909284712408027e-01,-5.902136068906036620e-02,-5.510043477886132912e-01,7.275896742422185981e-02,-6.071654013834473229e-01,-1.000000000000000000e+00
-1.000000000000000000e+00,3.512241462331406466e-02,-3.606793481175166183e-01,4.282320106024220530e-02,-9.805114172760397151e-02,-5.769586806504151816e-02,-1.482494734117848802e-02,-7.383440124120772552e-01,-3.489574610235911950e-02,-4.355303219869207515e-02,-2.774883673771539466e-02,-4.649941986181671538e-02,1.718379107326248323e-02,-3.143767725188345019e-01,-1.309568685185060755e-01,-3.609278471070107713e-02,-3.858183354248000824e-02,3.274562760337319106e-03,-5.329404542984167437e-03,2.067139047604745188e-03,-1.419086950741405874e-02,7.426632503301615080e-04,1.036893371029462552e-01,-1.396301928448275172e-02,7.755220256024240172e-03,-1.000000000000000000e+00,-3.456298111686174623e-01,5.551942776956699313e-03,6.133020261759587061e-02,-1.000000000000000000e+00,1.920467697072614222e-02,-2.064914782480303107e-02,-3.242599146343738865e-03,-8.348476514150858507e-02,2.552959708807795228e-02,-3.592687419526208181e-01,1.356819965070678530e-03,1.934329678899265534e-02,-3.504443940191983436e-02,3.919189112721522400e-02,-1.306516270961054216e-01,-4.676295487666750628e-01,-1.000000000000000000e+00,-5.933311853063282237e-01,-3.677022223023197062e-02,2.637671746792837058e-03,-1.000000000000000000e+00,-5.666989584000288183e-01,-5.487043235579235068e-02,-1.000000000000000000e+00,-9.779816620320015697e-02,-1.881979679121498390e-03,-7.046932633876491769e-03,-1.387181158300640135e-02,3.875130182697835227e-03,-8.229569881345422111e-02,2.826269633565300921e-02,-2.796705907851536055e-01,-5.233634501897296148e-02,1.910660929123915788e-02,-5.990659900236282587e-01,-2.411163079473047956e-03,-1.360382874155511013e-01,-3.137527754039003136e-02,-8.747522910932458567e-03,1.341693650072869372e-02,-1.528550562466820806e-01,-1.168099717609318300e-01,-3.029072735620036427e-01,-7.623612226390915625e-01,-1.000000000000000000e+00,-3.238833810991639250e-01,-1.000000000000000000e+00,-5.200739781098893122e-01,-5.990659900236282587e-01,-1.000000000000000000e+00,-1.000000000000000000e+00
-1.000000000000000000e+00,-1.000000000000000000e+00,-3.620529881450417764e-01,-5.738162947870560915e-01,-1.000000000000000000e+00,-2.135848400398056377e-03,-9.276301183510687887e-02,-2.688612508794291922e-01,-2.021695443994283442e-02,-1.131493584668948338e-01,-4.290410668511876469e-02,-7.413293474597105748e-01,-3.269094995717811147e-02,-2.302147068350779424e-01,-8.874254602184634966e-02,-8.749551892479530760e-03,1.605822074031301033e-02,9.518306995117195926e-03,-2.233046466789904635e-02,-1.003622333026605272e-02,-2.509405559305837030e-02,-3.606793481175166183e-01,-1.194788871460810836e-01,-2.611134091826090853e-02,-5.045055368269895160e-03,-1.000000000000000000e+00,-4.941744625184490980e-02,8.784616440338393652e-04,2.301589226546625275e-02,-3.950647016978887233e-02,-6.022720466665867911e-03,-1.168229601200734651e-02,-2.247003545217866535e-02,-8.179226371295794619e-04,-1.286047594042277233e-02,-2.690160162597858284e-01,4.486543327787247820e-03,2.639595875983277370e-02,-8.190194952418108909e-02,1.443236490906795073e-02,1.047336048786638198e-02,-5.179939761293324008e-01,-1.000000000000000000e+00,-6.297257802187972153e-01,-7.667898703005089633e-02,-1.110395425606947734e-01,-5.770629321054286942e-01,-8.047603160719311033e-01,-1.000000000000000000e+00,-1.000000000000000000e+00,-5.018126015375258542e-02,2.138125738957346103e-02,-2.288692044104005327e-03,-2.915966638983592124e-02,-1.804194048233251661e-03,-1.000000000000000000e+00,-5.719622555770759002e-03,-2.497116669709964210e-01,-1.000000000000000000e+00,-1.129396249926233886e-01,-2.883761413987013245e-01,1.336128431272799212e-02,-1.596014955745046482e-01,1.150314668847471350e-04,-8.085623011102348323e-03,-2.061328081603469031e-01,-4.271951740993851776e-01,-1.486511144953660823e-01,-6.442671425789345818e-01,-7.299138683002586170e-01,-3.950647016978887233e-02,-2.631737199662267934e-01,-1.000000000000000000e+00,-1.000000000000000000e+00,-5.775757423921783484e-01,-6.979227918491169858e-01,-1.000000000000000000e+00
-1.000000000000000000e+00,-2.589699507513557736e-02,-1.543955564582120965e-01,-7.741196637551953641e-01,-1.000000000000000000e+00,-5.247234438842334620e-02,-2.079511087273817893e-01,-2.688612508794297473e-01,-8.075600132043284085e-02,-2.652111592251357730e-01,-2.965726916942783634e-02,-1.000000000000000000e+00,-2.361620918505527231e-02,2.159104298235079919e-02,-2.184159906814336083e-01,6.026215181058162951e-03,-2.934416718553694431e-02,2.563603225511575687e-04,-1.108667112982297288e-02,-2.378758992444593434e-02,-4.176169331716030747e-02,-2.011737487719309284e-02,-5.242958545743046095e-01,-1.254909620499548677e-02,-2.024159566676535932e-02,-1.000000000000000000e+00,-6.766528905293348051e-02,7.072842817741679250e-03,2.148259435180838867e-02,-4.591862505505264758e-01,-4.017588134293030577e-02,-2.931302222832979365e-02,4.541271410076841430e-02,-3.100715996430630783e-02,-5.264444017254158587e-02,-1.380133726027997221e-01,2.586744298190829863e-03,-3.354611465742057819e-02,-8.669465597812417434e-02,1.148813470134723604e-02,-4.292575465991455008e-01,-4.806412513698742894e-01,-2.093841294849622947e-01,-5.204572151040809391e-01,1.564779025460390910e-02,-1.405153773145269291e-02,-4.591862505505264758e-01,-6.256195851303006927e-01,4.640399148470185364e-02,-1.000000000000000000e+00,-1.142146824265667243e-01,-2.034650538331204614e-02,-5.226251581082558273e-03,-2.333292289999595870e-02,3.691032181959988390e-02,-1.000000000000000000e+00,1.200844441942191393e-02,-4.907714976405459506e-01,-1.000000000000000000e+00,9.193394628815887079e-03,-2.493463603601583645e-01,-4.958642640919814701e-03,-1.825968389262357106e-01,-4.734401663353406120e-03,-2.560044874278236474e-02,-1.189173697526950124e-01,-8.815923239270038181e-01,-1.000000000000000000e+00,-2.174292328429535126e-01,-5.009423245848096951e-01,-7.174376823683885629e-01,-3.483516078023237150e-01,-1.000000000000000000e+00,-1.000000000000000000e+00,-6.932486939042332708e-01,-5.314894572693419361e-01,-1.000000000000000000e+00
-1.000000000000000000e+00,-3.707058126287326449e-01,-3.950647016978887233e-02,2.744994462547721281e-01,-2.688612508794291922e-01,-1.336321928400328700e-02,1.508185295013078075e-01,-5.705192383078847573e-01,-2.508928007096165591e-01,-5.796621808914548257e-01,1.963851575409170450e-02,-2.688612508794291922e-01,-1.106325452185762392e-01,-8.266373066556362281e-02,-6.717524337366355125e-01,-4.149148630076955613e-02,-4.341567806938471663e-01,-5.980449382499514188e-02,-2.571184349362657523e-02,1.255816513781203743e-02,-2.304349322149707446e-01,-6.820652276636703960e-03,-5.902136068906036620e-02,-3.463174478085440100e-02,1.938484549718345580e-03,-2.298314698408862045e-01,3.776680869408706454e-02,-1.964074808741374939e-02,9.119465363960910231e-03,-2.883761413987013245e-01,1.065773105325834233e-02,-1.914662193474579166e-01,-1.138916994198886784e-01,-1.403779792453179742e-01,-7.221146198650504888e-02,-2.688612508794291922e-01,6.312791470678618365e-03,9.171739356531781462e-03,-1.812125381563861326e-01,-1.203673409121711196e-01,-2.184159906814336083e-01,-9.229193198846134122e-03,-6.717524337366349574e-01,-4.895268454253571266e-01,-6.492625634718536543e-02,-1.359133904822893424e-01,-3.187167362735313092e-01,-4.591862505505264758e-01,-4.857088600517049382e-01,7.408004284298927433e-02,-4.591862505505270864e-01,-1.467223186496230923e-03,1.068993928853608812e-02,9.491200916656389666e-03,-1.870954563125773115e-02,-2.103448692604324710e-02,-4.184086770728383947e-02,-3.377860799302629391e-01,-4.591862505505264758e-01,-3.936394752523750956e-02,-1.910417195337739682e-01,-2.666660406076564946e-02,-1.295038171707852959e-01,-2.228409429077128079e-01,-6.378321180768983800e-02,-6.912673242559065345e-01,-5.362891286303770322e-01,4.987211393317643182e-01,-1.000000000000000000e+00,-4.591862505505268088e-01,-5.902136068906036620e-02,-1.413914889807862648e-03,-4.591862505505264758e-01,2.312693820241953913e-02,-6.603369545771824445e-01,-4.591862505505270864e-01,-1.000000000000000000e+00
-1.000000000000000000e+00,-2.688612508794291922e-01,-2.688612508794291922e-01,-2.688612508794291922e-01,-5.314894572693419361e-01,8.368766127208878552e-03,-2.529305732571915030e-02,-6.584979409384309479e-01,-2.688612508794291922e-01,-3.429057247376856021e-01,-2.120118165189299048e-02,-1.000000000000000000e+00,-2.462889180363998787e-01,-7.919767719198335387e-02,-5.119745667500703590e-01,-1.117914724346986098e-02,-2.755167184726390328e-01,-6.749885533882017327e-03,-3.329516638503988296e-02,3.795182350264645482e-02,-2.493463603601576706e-01,-1.000000000000000000e+00,-5.902136068906036620e-02,-6.231838664057286203e-02,1.278148473609353776e-02,-1.000000000000000000e+00,1.680918189568584437e-02,2.988916073270348958e-02,2.900072626050283209e-02,-4.591862505505264758e-01,7.483232054883732359e-03,-6.181472715338368756e-02,-6.975949789320260580e-03,-2.414197493222720869e-01,-8.159909966266021275e-02,9.227385794349335368e-02,1.823560468800275794e-02,6.400731545766240142e-03,8.778530957577604377e-02,-4.184324950051215158e-02,-7.107822147751780006e-01,-7.812915783349063670e-01,-4.591862505505264758e-01,-3.070184241556371818e-01,-3.602211545797845971e-01,-2.407923166035291773e-01,-1.000000000000000000e+00,-3.140075992878061870e-03,-3.160994418777031689e-01,-1.000000000000000000e+00,-3.553692371878288125e-01,3.183172159432804543e-02,-1.517584568147674860e-02,2.779674273901050832e-02,-1.104190988352897300e-02,-1.000000000000000000e+00,-1.527569076054210474e-02,-1.451842929302324670e-01,-3.950647016978887233e-02,-6.698273356010102375e-02,-3.606793481175166183e-01,-4.378687202116816196e-02,6.250003271714218468e-03,-4.065633334943957733e-01,-1.183073377141160842e-01,-4.591862505505264758e-01,-6.428224450267003842e-01,-1.000000000000000000e+00,-6.798518450964543547e-01,-9.191959606958293172e-01,-4.591862505505264758e-01,-9.398918767149057329e-02,-2.688612508794291922e-01,6.993671618705632649e-03,-7.446264039388819089e-01,-1.000000000000000000e+00,-1.000000000000000000e+00
-1.000000000000000000e+00,-2.521309492627559282e-02,-2.302147068350779424e-01,-4.591862505505268088e-01,-3.106173249137125225e-01,-3.930203239611359534e-01,-9.077626820394851803e-01,-6.495112502216238148e-01,-2.988501484224836968e-01,-2.151162966701115065e-01,-3.823605279558865422e-01,-1.875353383842224414e-02,-7.853625120833247764e-02,-2.448578119924400276e-01,-8.768323123607609793e-01,-2.117336263064969679e-02,-2.802767300388821492e-01,1.243656824797279015e-02,2.860501943171083264e-02,1.571924938860703308e-02,-2.239547286802674730e-02,-6.091287789492579735e-03,-3.950647016978887233e-02,-1.920571424796246396e-03,2.948802475290986189e-03,-1.000000000000000000e+00,-1.000000000000000000e+00,1.324093556189522708e-02,-4.897856622649747471e-02,-5.902136068906036620e-02,2.729960306539649939e-02,-1.000000000000000000e+00,-2.992263120629378922e-02,-2.792903394775684417e-02,-2.662672382484592704e-01,-3.950647016978887233e-02,3.618121239533464428e-02,8.745498011249285344e-03,-1.274613247248911757e-02,-3.775336678612796759e-01,-4.591862505505270864e-01,-4.500353337366548301e-01,-1.000000000000000000e+00,-4.452684728482670939e-01,-9.121394566115363922e-01,-2.200446109483848445e-01,-5.513875847828050292e-01,-6.809143876406676954e-01,-4.629516588020254342e-01,-2.688612508794291922e-01,-1.818029090582943142e-03,-1.315111626244445768e-02,1.143692873311908352e-02,-8.062948034931871621e-02,3.234257881558059294e-02,-2.688612508794291922e-01,3.032959026569724895e-02,-1.200162881647600863e-02,-1.000000000000000000e+00,1.235973926684733916e-02,-2.543130650561173933e-01,3.457407424656698536e-02,-9.779644205592424866e-02,-1.072561534287774648e-01,-8.269370622560261175e-02,-1.434309576174697953e-01,-6.139703373046482282e-01,-5.819157061468755998e-01,-4.541831350635500142e-01,-5.831672026605845272e-01,-1.000000000000000000e+00,-3.187167362735310316e-01,1.427191181414889654e-01,1.232042276222174576e-01,-1.999157965051799948e-02,-5.510043477886132912e-01,-1.000000000000000000e+00
-1.000000000000000000e+00,-5.368437283665603368e-03,-5.933311853063282237e-01,-5.902136068906036620e-02,-5.902136068906036620e-02,-6.112747483810471172e-01,-1.730911939511618480e-01,-2.093841294849622947e-01,-6.522375432173634913e-01,-1.731832667426857209e-01,-4.364428802165144505e-01,-1.000000000000000000e+00,-3.898663097092078950e-02,-9.805114172760397151e-02,-2.604664536548719211e-01,-2.318526541586291879e-03,-3.815099254676322382e-01,-4.158434466416573161e-02,1.502827107673909875e-02,-1.442886377428651695e-02,-1.400748891605790337e-02,-6.845807344990876772e-03,-4.010248159869038709e-01,-4.152511402366929061e-03,4.792832041824778011e-02,-1.000000000000000000e+00,-5.705192383078847573e-01,2.290337977903132011e-02,-3.348817117591251780e-02,-2.809099101033630044e-02,-3.186697698989855027e-02,1.404057777128747513e-02,-1.102284210535834676e-02,-7.423679446474788779e-02,-1.584694218740973770e-01,1.579503728529399464e-02,3.715124760892214023e-03,2.078169562448108770e-02,-9.386496476409659367e-03,-3.178947632024022030e-02,-3.909923501486796127e-01,-7.446264039388819089e-01,-1.000000000000000000e+00,-3.624963679505306402e-01,-8.278287571911816523e-01,-3.611684029325732403e-01,-5.719298444727807240e-01,-6.359197299438771322e-01,-1.400815469419805226e-01,-2.883761413987013245e-01,2.626295655695430609e-02,1.953745030889056725e-02,2.095855708750222687e-02,-3.763351503535472542e-02,-2.428657505306487316e-02,-1.000000000000000000e+00,8.305072001088322289e-03,-1.530348760353827942e-01,-1.000000000000000000e+00,-5.269600356737864644e-01,9.227385794349335368e-02,9.808070893811240629e-03,-1.418059884903396517e-01,-1.362238472517997116e-02,-1.385105291409885753e-01,-4.207970940187623632e-01,-4.877081457155384436e-01,-2.950316089919105544e-01,-6.129311906037350210e-01,-6.008598331827152972e-01,-1.000000000000000000e+00,-4.757158060221644558e-01,-1.000000000000000000e+00,-8.815923239270038181e-01,-4.630465781360760813e-01,-3.801942386367880844e-01,-1.000000000000000000e+00
