0.000000000000000000e+00,2.650484481508837975e-01,2.936353495597705532e-01,1.356130850614639671e-01,2.456321089535634661e-01,2.572948633575148358e-01,3.390420718951644985e-01,1.863978687516960608e-01,4.305170715409804005e-01,-3.574223656744531796e-01,5.252468265653090773e-01,2.655856973149227640e-01,4.319951458257293986e-01,5.044458924971991776e-01,3.667128244438642715e-01,4.284248864001967139e-01,2.654386851644957579e-01,2.656208037591766269e-01,3.927354169967882669e-01,3.269793013197173082e-01,3.744633762388421272e-01,-9.082574314508984337e-03,1.345023941262564193e-01,3.040944326573963297e-01,3.823651495216986440e-01,5.053471973390187832e-01,3.158830947233111086e-01,2.458000612403260510e-01,2.822021759065775903e-01,1.121203495986680121e-01,7.146247878967892930e-03,3.407031946490379770e-01,2.325051681649750734e-01,3.426028546892073701e-01,2.087541429475875954e-01,4.349934451368068222e-01,3.323133398408265049e-01,3.558204285430825453e-01,4.070863328705301987e-01,1.654998669850353821e-01,6.419491997343471645e-01,4.650967846271513162e-01,3.847513504261473871e-01,5.660487622902922178e-01,2.380204052022630856e-01,2.956293321423802412e-01,5.871031583744439342e-01,4.574829315150555908e-01,2.261340574144735105e-01,6.038928809161183686e-01,5.052810650719371521e-01,2.652762271477305811e-01,7.509169688230006301e-01,2.203948992490718517e-01,4.185603804698333485e-01,2.766048117537901474e-01,3.554406030484652534e-01,3.428280506375220305e-01,2.112762756891064519e-01,-2.930982794088257681e-01,-5.142059048676961286e-01,4.540699951744105456e-01,1.614341753981093364e-01,8.157755910373716279e-01,9.966148221024118126e-02,2.633764442417145801e-01,6.699089404436171513e-01,4.145590788606067223e-01,1.131988121065186093e-03,2.799866119272047538e-01,3.314343850922890633e-01,-8.686623847472652038e-03,5.537008677804839962e-01,7.118585529367799092e-01,-1.040236456372622964e-01,1.583739208410542831e-01,0.000000000000000000e+00
0.000000000000000000e+00,1.320992054825700576e-02,5.054586044947235735e-01,2.814451875197534481e-01,0.000000000000000000e+00,6.507691652763598622e-01,0.000000000000000000e+00,8.989800520580877308e-01,4.402878858292040842e-01,0.000000000000000000e+00,5.286392199825531435e-01,1.004612042863452182e+00,4.573187882182428998e-01,4.464372438056631864e-01,7.937133501089446153e-01,1.217522376029138709e-01,8.285075337473406520e-01,-1.037619123931773635e-01,2.031723914058143898e-01,-1.213900278169900149e-01,3.360104503489751149e-02,1.605932689724740015e-01,5.183432977621252880e-01,1.816447188874392993e-01,-3.822841155235660870e-02,0.000000000000000000e+00,5.062793664901612534e-01,2.361306621544888573e-01,-4.878629936616434015e-02,0.000000000000000000e+00,5.396166728988962408e-02,0.000000000000000000e+00,-1.501909421051987603e-03,0.000000000000000000e+00,5.549903978817897210e-01,-1.130472564406815594e-01,3.108980917736685057e-01,1.820567169040446798e-01,2.120973346005108340e-01,9.679263374968727351e-02,1.558139944387476328e-01,7.239606149649888689e-01,2.887910240514557358e-02,4.497147695941239309e-02,-1.550823077126893199e-03,4.488154643176480718e-01,0.000000000000000000e+00,3.132208617763382330e-01,9.419621604849195418e-01,-2.688612508794291922e-01,1.305859475840197015e-01,1.288823897854397271e-01,4.028482245882900048e-02,6.623772391577399665e-02,2.064927182934115646e-01,3.337690409593671026e-01,-1.564249786521233754e-02,2.621760354258546588e-01,5.328782977009686173e-01,5.071001284855967128e-01,-2.536727383017258752e-01,1.751894198600856961e-02,-1.442494845086232935e-01,4.811779569543975232e-02,1.855157944386193192e-01,0.000000000000000000e+00,2.061903167847741747e-01,2.259276168437837073e-01,5.381105736996577571e-01,9.761339574512389872e-02,1.193057477974973635e+00,1.809992010833513243e-01,0.000000000000000000e+00,0.000000000000000000e+00,0.000000000000000000e+00,6.748998913282066026e-01,3.495517676925571915e-02
0.000000000000000000e+00,-1.652143571905345665e-02,-1.273525466195180478e+00,4.337515414270170372e-02,5.520280284512190105e-01,4.436225606532527843e-01,-4.472498129845303705e-02,7.981621214243371787e-01,7.941934650982922506e-01,2.047833519148440640e-01,2.330129487151154644e-01,4.932364279247483108e-01,4.127492674241197701e-01,3.374040528991099908e-02,5.549561885436397890e-02,9.341482550679096331e-02,-1.035251390964801038e-02,4.507838143213822868e-02,1.327726583805682314e-01,1.820915745193486118e-02,1.112765602872985843e-02,9.038065569383715164e-03,2.055521059246577797e-01,8.975539080014625914e-02,-9.290472237024005597e-02,3.632514160048191387e-01,1.310285126190643412e-01,2.320338640824184395e-01,2.927126289046293184e-02,2.792576574688954150e-01,-5.551222830646405232e-02,2.664523400729385538e-01,-8.674942023987695927e-02,3.890948912694433548e-01,4.074966029181207317e-01,4.166050374633918363e-01,3.731545832551302899e-01,1.756362032939891016e-01,-2.343857359991262379e-02,4.003472833288697352e-02,4.594460350692264328e-01,7.389619014679194020e-01,3.534937377699886585e-01,4.343585684818933590e-01,3.267116398731709226e-02,1.797204790497505811e-01,-1.115420165265845615e-01,1.054282990262402686e+00,1.007107189053078056e+00,3.862504620395217081e-02,1.820885579935047627e-01,1.223749016350817592e-01,2.000037744244931304e-01,-2.693199196470874232e-02,1.359687762548974707e-02,-6.073164112325672020e-02,-3.041476404028677083e-02,9.781007138364777864e-02,0.000000000000000000e+00,-1.536289985835873062e-01,-1.169623789647791789e-02,-1.210765573738044158e-02,-2.829310118244182659e-02,2.262163383123613758e-02,8.277508499114560880e-02,1.367497295202929619e-02,6.188160432435781816e-02,-7.878202953739005254e-03,3.225233389336350509e-01,0.000000000000000000e+00,6.025378698995002003e-01,3.404503236852761128e-01,9.344138515774826903e-01,1.165443176095883437e+00,1.062641838701988251e+00,5.878834876621434891e-01,0.000000000000000000e+00
0.000000000000000000e+00,2.187788277852888430e-01,9.336428883657603706e-01,2.927141864287867157e-01,1.879198892906699392e-01,-4.402537359443867149e-02,2.870462622291245491e-01,8.080519398325627378e-01,2.649378262477080637e-01,-6.293899483294052022e-02,5.063217111863330677e-01,3.365367442028638911e-01,3.224259614612642877e-01,1.272143299426369056e+00,1.658474671043722870e-01,3.667427899868926783e-02,1.527663041365237562e-01,3.107951651403740440e-02,9.056338437243975636e-02,-1.140153083751359459e-01,1.093570509697908699e-01,-7.592244952965815363e-03,2.756271346538373690e-01,8.147368648588249052e-02,-1.012049675222959216e-01,5.054586044947235735e-01,3.214696004578212474e-01,1.761990997746183396e-01,-9.076910715268197982e-02,5.841980131151217615e-01,0.000000000000000000e+00,2.988493973450515040e-01,-1.034451300814387548e-01,4.393522091449499900e-01,3.552546986750645397e-01,2.881986902868666767e-01,3.075136904590554665e-01,2.414855772824121838e-01,2.573494189249640463e-01,3.694907617390961185e-01,6.356122756146890262e-01,4.709311593963316778e-02,1.713802733726651484e-01,8.180124941988832221e-01,1.621382931907281930e-02,2.323102473018039404e-01,4.611213445859306814e-01,-7.571472490301128788e-01,1.395984872610545047e+00,0.000000000000000000e+00,1.722265072166651589e-01,2.063546038583525810e-01,1.604339775933562862e-01,-1.247917987856855121e-02,3.409533966778732078e-02,0.000000000000000000e+00,-2.173154971146843556e-02,7.457230163598321804e-02,5.133646996591020167e-02,5.595937894392188916e-02,8.578297268825559874e-01,1.458384665867415095e-02,-4.956960325221865249e-02,-7.897708561501973201e-02,-4.402361944067210986e-02,9.939719570458079856e-01,7.107991915984599451e-01,4.908489650047428432e-01,3.542888748854765013e-01,5.054586044947235735e-01,-3.432164232901846468e-02,4.765567530164172005e-02,0.000000000000000000e+00,0.000000000000000000e+00,2.937464518106490119e-01,0.000000000000000000e+00,0.000000000000000000e+00
0.000000000000000000e+00,5.584411313587288594e-01,1.731542139636403910e-01,1.713837897214374184e-01,1.343944326105680001e-02,1.000205160028577039e-01,3.662818348857682649e-01,3.387994632618596125e-02,-8.772779961086146772e-02,-2.119021644500484747e-01,3.666391044749293116e-01,8.732588105306314796e-01,3.662918236433709146e-02,3.286883682506099302e-01,3.505281916194750991e-03,3.086921292368874359e-02,-2.056238580299342162e-03,-4.060701360184757608e-02,6.906014837130908246e-02,-4.529503923872571503e-02,1.505947202395053752e-01,1.375728504971071575e-03,8.466859564448382669e-02,5.058286419007455847e-03,-6.953466816835209008e-02,7.005933822839233160e-02,3.541418075629860773e-01,3.786063473894720616e-02,-1.183277314997875918e-01,9.090720969030051390e-02,1.034834471620821872e-01,2.562236297275028440e-01,-1.200720770916608934e-02,5.046065583976464541e-01,4.044307004428354668e-01,1.753958704209782338e-01,2.372888301262750244e-01,9.991444000914184720e-02,-2.649786858491848252e-02,6.547135669983492057e-02,4.767944624711651508e-02,3.379244072350644501e-01,-4.144522925392776086e-02,8.811110022770622663e-03,1.458022766538914494e-01,2.715275400899503366e-01,-1.130472564406815594e-01,1.127178224005200846e-01,9.803650572105045979e-01,-3.417410820161352961e-03,1.159423323135934658e-01,2.008915579898515325e-01,8.259669547170311876e-02,1.715657085458691944e-01,1.089536660724056971e-01,-4.764529690102087267e-02,8.393525962576937199e-03,1.684778905094673762e-01,9.159079215795318252e-02,-4.567375887208405261e-02,4.021552706016491216e-03,2.512651110332707674e-02,-1.097813218248969991e-01,1.906511059049566248e-02,3.829323050942035067e-01,2.696571607240048629e-01,-8.334920061887340914e-02,-1.130472564406815594e-01,1.965395539615061304e-02,3.924236463407910769e-01,-6.450399416989344159e-02,5.346016144949622406e-01,-6.603238259364910268e-02,1.558139944387476328e-01,-2.922011852274852828e-02,5.229964627065175620e-01,0.000000000000000000e+00
0.000000000000000000e+00,2.191606531047389783e-01,-3.526523048217905520e-02,4.464372438056631864e-01,-5.435766655633882116e-03,2.926304677333962934e-02,5.047936621784059330e-01,-3.932738311550407900e-02,2.263771678283086480e-02,0.000000000000000000e+00,9.351374889136979118e-02,1.062939422443830884e+00,7.444005130738545750e-02,8.479799284610953225e-02,-1.599760966117772520e-01,7.193617830622646425e-03,-6.495062969682012868e-03,-1.335828430336430395e-02,2.796076820914812980e-02,2.076934398605789420e-02,6.023027421556195055e-02,7.537830001465527230e-02,2.507508075862479799e-03,2.098585583932219834e-01,-2.088573532656690449e-02,-8.325682681540819488e-03,2.506093132246076105e-01,4.819827987384363577e-01,-6.444118446148039414e-02,-1.754545879515917450e-02,1.161460240645002973e+00,2.356630084367596356e-01,-3.284536557216912595e-02,5.112924466507838828e-01,3.386587669245497145e-01,2.041230411515927452e-03,3.004596325233470644e-01,6.680267419327275136e-02,2.130257559494883601e-01,1.756561052916955079e-01,2.450377031618995727e-01,1.154027696936430702e+00,-1.527698949353335084e-02,-8.639575569469858107e-02,1.825038680305813288e-01,6.319604609576509047e-01,0.000000000000000000e+00,3.334179064359497069e-01,5.298280367936082369e-01,-7.987199444317683028e-02,1.451059603414216470e-01,1.070667153085039236e-01,1.476537174483543158e-01,-6.056615328908608598e-02,8.226147872431857633e-02,1.268647058385945214e-01,5.309148914520782359e-02,4.093761072559598535e-02,-3.188163892630013763e-02,7.923925194121633764e-03,1.687799809156902142e-02,5.306832734009570701e-02,-8.755502970525762263e-02,1.397187508607370954e-01,1.799379337082027130e-01,5.622250483911250818e-01,2.462704580904185453e-03,-2.074994787128661700e-02,7.212453161067833296e-02,3.918796326629964133e-01,-4.697348125187922330e-01,1.762027998020645470e-01,3.345222701327162373e-01,7.937133501089446153e-01,6.366908722851005731e-01,1.077520355221028847e-01,0.000000000000000000e+00
0.000000000000000000e+00,0.000000000000000000e+00,1.035602650087739662e-01,1.263890605746282314e-01,3.314869590799030541e-01,0.000000000000000000e+00,5.687335298401003936e-01,5.382809113844220228e-01,1.771641166906174902e-01,1.478313865329758947e-01,3.817710531038480126e-01,6.464338820836806887e-01,-4.689087303385414823e-02,1.062343692657195388e-01,-8.825020267026245646e-02,0.000000000000000000e+00,1.425482980620919500e-02,-9.036941041948918021e-03,5.312539313522374185e-02,5.473033101814614443e-03,3.060193640614594646e-02,4.289671133371533024e-02,3.017133735492150137e-02,1.791238721061901296e-01,-2.737167355605883007e-02,2.101141921877306973e-01,2.552678891871140721e-01,9.392811194018048371e-02,-8.999550050085623754e-02,0.000000000000000000e+00,3.065061079828286170e-02,3.237224215770915792e-01,-7.188367448298492446e-02,4.710676184343989270e-01,3.653985957668234863e-01,0.000000000000000000e+00,1.756874208071892429e-01,1.068875015196055073e-01,0.000000000000000000e+00,0.000000000000000000e+00,0.000000000000000000e+00,9.033505453493020365e-01,2.517463982419461122e-01,2.365397226056599744e-01,1.522564235330195748e-01,1.630416264476285404e-01,0.000000000000000000e+00,1.102611560055389850e-01,0.000000000000000000e+00,-5.699080559423078812e-02,0.000000000000000000e+00,9.018307886581802824e-02,7.658325805319121660e-02,0.000000000000000000e+00,-2.274208814411997695e-02,3.210987173308679776e-02,2.763190466224633990e-02,0.000000000000000000e+00,0.000000000000000000e+00,0.000000000000000000e+00,1.236996265353802749e-01,-8.482113195127507360e-03,-2.157278677441126225e-01,3.596110982603735462e-02,1.332478779003117009e-01,2.423994437275437674e-01,0.000000000000000000e+00,8.653484513708947778e-02,1.272722765750072815e-01,0.000000000000000000e+00,1.993136549122836165e-01,4.414703718263455201e-01,1.864181500331349994e-01,-6.546583901586273679e-01,1.052656917494347644e+00,0.000000000000000000e+00,0.000000000000000000e+00
0.000000000000000000e+00,1.008196339679886672e-01,3.113659390651082534e-02,9.498393584805027157e-01,2.929752222951682167e-03,-2.329871421016847799e-01,2.806638913257246126e-01,-4.347275939343178686e-02,6.758785759583207930e-02,9.227385794349335368e-02,2.161522516691009033e-01,6.633771041572507077e-01,5.887776361688216997e-02,-2.026539416314561137e-01,4.588923976879843297e-02,1.675054270785553134e-02,-1.072904589724885949e-01,2.416844251452330422e-02,1.576894422884546898e-01,1.100510209058890437e-01,2.073421730085623915e-01,4.337443848933345697e-02,4.414547397128697204e-02,1.022113149435541768e-01,-2.734332050527208541e-02,-3.047928651139325887e-02,4.264729001595962687e-01,1.318815651881989348e-01,-8.697792309043644865e-02,1.709300473813840648e-01,6.139953253375451947e-02,3.084752883576725724e-01,-5.269760638630457961e-02,2.580595418219751025e-01,3.245375500365812460e-01,5.789892900810562903e-02,1.776846058729042166e-01,3.535918804299361534e-02,1.735012053580215485e-01,5.705431127142635006e-02,1.031502424110953414e-01,3.840113894759544788e-01,7.617351837639321777e-02,-9.971881280531513791e-02,2.608683871033288248e-01,4.005913125468545388e-01,7.870536410810017314e-01,3.853982444063351886e-01,7.138451272139959558e-01,-1.094183401808240808e-01,1.344880535243463682e-01,8.048475077979692915e-02,5.656603055426127902e-02,2.808428988996918008e-02,1.036239445848717300e-01,4.136092958327175495e-02,6.958257590779001744e-02,7.372209660795270292e-03,3.472119588570282689e-01,-1.241305977734847264e-02,4.456389009841412591e-02,5.436500813912365643e-02,1.485805545858475130e-01,2.048592115019741977e-01,1.703280015001297221e-01,1.590218410524996129e-01,6.027392545800867515e-03,1.418449054213997140e-01,1.215305949181982870e-01,6.345620342970476058e-02,2.374181156107305068e-01,4.146483750163372228e-01,3.534862247983597272e-01,5.870627256667069194e-01,4.437280930468798235e-01,3.236563973776007686e-02,0.000000000000000000e+00
0.000000000000000000e+00,-2.027079627812760354e-01,3.083939156930959324e-02,2.001203478299336813e-01,-1.365519404998609687e-01,4.396029777796123250e-02,-2.860025255148224838e-02,4.392049001495861305e-01,1.332212447533004662e-01,3.764934547652448726e-02,4.986463886954421026e-02,1.634430696543991979e-01,2.991356833862014730e-02,-3.354460097081819747e-02,1.920657563233449383e-01,3.109837260555753727e-02,3.006755044036550292e-03,7.376067010797815807e-03,3.542305764682036201e-02,-2.881944183207888616e-02,-5.027473543904448228e-02,3.355113017375184470e-02,3.892945990190323502e-01,6.932403277953441689e-02,-4.723890766703507660e-02,1.171165766964198385e-01,2.411987297395035146e-01,1.161633691052901818e-01,-3.934148574390251146e-02,2.097021721252095017e-01,-1.247874519503133078e-02,1.800259126703199763e-01,-1.135705228862329275e-01,2.061753265604368002e-01,3.406163375695935303e-01,2.314194885767355547e-01,1.627365361046568815e-01,6.071525584436025802e-02,1.796313465155523759e-01,7.468538927326530408e-02,1.050801627144695161e-01,4.942032512517958720e-01,-1.007809237763865329e-02,8.299090215393212233e-03,2.173406343124731632e-01,1.220106628941495103e-01,0.000000000000000000e+00,4.438421873803602979e-01,3.889980836320302560e-01,-9.367562443398121108e-02,-8.766222466394521518e-02,7.616005614681393976e-02,4.839546557576209634e-02,-1.417257969224861858e-01,3.258570434162435733e-03,2.131188892161075821e-01,2.350416649782063883e-02,6.458058682147851254e-03,3.533680606549279707e-02,-3.977101544017734580e-02,1.581776024020861704e-01,-6.230884092284220965e-02,-1.358660193825473317e-01,5.418068573000263399e-02,-5.414233174446052288e-03,1.103043823150478692e-01,2.235044527472395404e-01,9.859351959464857096e-03,9.891423358654020948e-02,3.073253355562329814e-01,1.895729648407623591e-01,3.906741950207903713e-01,4.154811674682516998e-01,1.223393264553513937e-01,0.000000000000000000e+00,1.333162493857702247e+00,2.159114845755009671e-01
0.000000000000000000e+00,1.200585758085847415e-01,5.381179188961886239e-02,3.653852335488720904e-01,3.418751327598897327e-01,-2.094454803480139127e-01,-5.008999693235777033e-03,-1.582725160585254920e-01,1.870777253751980396e-01,-9.795842382541630755e-02,-1.264367430634429426e-02,3.140361705143709936e-01,4.959967943495915965e-03,-3.440950084990412189e-03,8.751513834735658026e-02,3.426983843835895716e-02,-2.974290759383031030e-02,-9.122955068888753682e-02,-3.386035789342122827e-03,2.240645184125978837e-02,-8.011363545655815488e-02,6.631888588911620530e-02,1.282693868453818054e-01,4.582004553263550883e-02,-6.864389819152885708e-02,1.538125065285572413e-01,2.030927320993246576e-01,1.001261730167305186e-01,-5.877517709973548166e-02,1.568283312824456655e-01,9.400355782554717377e-02,1.753245584777923527e-01,-7.286153956745054783e-02,2.467662569553148444e-01,4.274836339679892738e-01,-2.261482956703317337e-01,9.431289131388784219e-02,1.235485118944256999e-01,4.246809730758780571e-02,1.232835124326374099e-01,6.040134824638183214e-02,4.354020030579967004e-01,3.375884004222754475e-01,3.686947243420912734e-02,1.926250998873043074e-01,2.637176812979685064e-02,3.275232773578364009e-03,4.729182554450150899e-01,-3.175878282561866994e-02,1.382487168777301323e-01,-1.222228027526599259e-02,2.095016446302893076e-01,6.796197124683106550e-02,8.042170014463591310e-02,2.234056114229655485e-02,2.210499071015385730e-01,3.565850189106269108e-02,1.527964325537763957e-01,-6.827551665182468588e-02,-9.866811643092354700e-02,2.132171252613513368e-01,-9.091873627791957624e-02,-1.592547104022859483e-01,8.805277357337989996e-02,8.822049314449706414e-02,3.880670432771604617e-01,1.559831026453307179e-01,3.323794993777271500e-01,3.914515948862999917e-01,5.230014590263295515e-01,1.313036389820363137e-01,2.531721377632654146e-01,-1.662938292419113839e-01,1.014415832224710101e+00,1.536244101249683025e-01,2.480878523822409865e-01,0.000000000000000000e+00
0.000000000000000000e+00,1.780726865131621872e-01,3.100157609476846821e-01,-1.263946572495338039e-01,3.877060741628070573e-01,-1.218286669694020052e-01,-2.864282175600307845e-02,2.840187838274152998e-01,1.130028163503176142e-01,-6.175995825163215630e-04,-9.580598141278978686e-02,5.869319189474979659e-01,3.635759282825837269e-02,-2.024620284609487258e-02,2.113722957284740467e-01,4.988046308971486043e-02,7.900413590496577210e-03,-9.721045145593187886e-03,-1.115374707111189620e-03,7.152901013303332098e-03,1.277966607785386566e-01,1.332980763513777756e-01,1.315044423985114730e-01,1.296625376594850443e-01,2.090469392429795958e-02,0.000000000000000000e+00,2.780894206401464119e-01,4.915346789166666341e-02,7.289335653491456346e-02,6.660800645890524452e-02,1.090030143215731107e-01,1.372968152627982441e-01,4.428568787229907044e-02,2.108328525158692235e-01,6.057925523102919430e-02,9.471302077217189641e-01,9.855590013551514261e-02,1.238501507451478106e-01,5.855212112276118874e-02,2.650005761129355375e-01,1.826664488309551193e-01,6.091070472142527947e-01,0.000000000000000000e+00,5.972315684067689423e-01,3.284988473898211025e-01,1.106776470284641239e-01,-3.408802521922377898e-02,4.397479210715480313e-01,6.853068535667712624e-02,-4.635126284920946249e-01,1.802050061550503068e-01,1.258833506816328385e-01,-1.937595134195864086e-02,1.648617712701805349e-01,1.289389900936508404e-01,2.676027429015124803e-01,-5.488076199904411145e-02,-1.379127673018362699e-02,1.061471346099077451e+00,-9.090797037455437823e-02,4.170733785103176161e-01,-4.478229172264193425e-02,-1.612496985525346815e-01,-6.685711488047930973e-02,1.549182472858810222e-01,2.117626675547248649e-01,3.706035602671895468e-01,-3.064897356837977260e-01,4.578679403599985598e-01,3.975584879910461500e-01,2.333213433002407078e-01,2.586676072860454867e-01,2.489086143776776117e-01,-1.418269665072429409e-01,-4.264048490719500595e-02,1.909579345929000513e-02,0.000000000000000000e+00
0.000000000000000000e+00,2.559068889264727864e-01,5.805990866761534530e-02,8.195475347602698690e-02,-5.902136068906036620e-02,5.891843646469274720e-01,1.349858276226738873e-01,3.261021430900615803e-01,2.776617174288872891e-01,2.756271346538373690e-01,2.986762663068337487e-01,3.880661811560369712e-01,3.974524926134332947e-01,3.585394815854648920e-01,3.200789973323847626e-01,-3.616408876312787735e-02,3.396088191392763328e-02,-8.027959710805279703e-02,2.712423444919725979e-02,2.674755765444598588e-01,2.996067201548773262e-01,7.176992974326079633e-02,1.409985954827919219e-01,1.380828136238765047e-01,6.546543726312794576e-01,-7.155461177179907040e-01,-1.122264944452449342e-01,6.042091124332840124e-01,0.000000000000000000e+00,4.858477773077840567e-02,-1.478537162075022060e-03,3.935637813481039915e-01,3.193401215089937129e-01,7.086720925481777567e-01,4.831271528047807462e-01,1.787130421097647970e-01,-5.752762123636217390e-02,5.935026705981383960e-03,1.131717447465438731e-01,1.095430017274113821e+00,8.043830868804546785e-01,2.382388776061675206e-01,-9.353236592141003780e-02,5.985532244336535523e-01,-6.498276004196243960e-01,-3.033722561117788707e-01,3.762317189371247039e-01,7.021915454429359382e-01,1.391277046427669140e-01,6.065776161859783855e-01,5.125404467570582323e-02,1.446050457540787315e-01,6.106015499367878352e-02,2.461424921507775754e-01,6.839941967910136145e-02,8.934461099192445577e-01,1.456056287266468408e-01,2.577537681254390423e-01,1.558139944387476328e-01,1.965482623233599790e-02,-2.246666398706035350e-01,3.517609427410686718e-02,-1.292352464618848062e-01,6.017468264469743033e-01,5.027361019347791338e-01,2.572422996599200706e-01,-2.917770333564007057e-01,7.822228513419975382e-01,-5.969118208599530906e-01,-2.443900595527196129e-01,-3.643974888565804093e-02,8.998174276654965498e-01,0.000000000000000000e+00,0.000000000000000000e+00,4.949027267928338691e-01,2.886841378041631323e-01,0.000000000000000000e+00
0.000000000000000000e+00,2.723195855910328089e-01,6.273757512805254732e-01,3.227286617609533836e-01,1.758853447611969933e-01,-1.678504984116417631e-01,3.774023964786629715e-02,1.285370196232120121e-01,-2.876121299984138457e-02,3.065278347442895734e-02,-3.823243736334694387e-02,4.971083425940581169e-02,2.459565663738783603e-01,7.855161096462076609e-02,1.289495874866694591e-01,4.184868333743023416e-02,2.199732286801450720e-02,1.816528201076544544e-02,1.752495566039012978e-02,3.503402663978403414e-02,-2.764714021514372982e-02,3.135303289035329399e-02,1.361344240051940713e-01,-2.505731752418100672e-02,-5.133454165509020173e-02,-5.902136068906036620e-02,2.870999550113569887e-01,-4.507408545607448358e-02,-4.383163419908796266e-02,5.776285271114488251e-02,1.611960145689036172e-01,2.183647724968959813e-01,-1.107065691610529534e-01,1.596952210931513461e-01,4.696677255197157508e-01,3.252552812722306896e-01,1.435240372279826815e-01,1.232039828038457852e-01,5.947521415598754774e-02,1.720956320708711962e-01,5.278462815335809022e-02,3.465233836235916964e-01,0.000000000000000000e+00,2.648649907046761731e-01,2.014436498114916263e-01,1.545704683692256942e-01,-1.569945344488999917e-01,5.791704055680304553e-01,9.226379480567570290e-02,2.480878523822409865e-01,2.902154689087846351e-03,1.012757620657290039e-02,6.687937742263380669e-02,9.045113383289135611e-02,9.742060856661967361e-03,1.060933076997500724e+00,-1.102269646936693444e-02,-2.976962100081892437e-02,1.538538998278493053e-01,-1.500968075953114100e-01,-5.624739392557649431e-01,-3.243416115918339865e-02,-2.439300598069449044e-01,1.619949316424783570e-01,7.116448583237114378e-02,2.160774828723316665e-01,3.737279993878893647e-01,7.011006982231560158e-02,1.960117695613109445e-01,4.059026440909225819e-01,1.558139944387476328e-01,3.438167032323746763e-01,2.365973536152943812e-01,6.131623056064265942e-01,0.000000000000000000e+00,1.541724704478744934e-01,0.000000000000000000e+00
0.000000000000000000e+00,2.329601295025922614e-01,5.862980726119833286e-02,-9.805114172760397151e-02,1.161852823969056758e-01,-2.411579279351383498e-01,1.082773605954033685e-01,4.407856920712219240e-01,-4.430133493391628929e-03,-3.320857533566662356e-01,1.498703007352537031e-01,-7.184471955110419139e-03,2.473309027659481296e-01,9.437817679850600550e-03,1.626409589494175745e-01,5.442350387471146800e-02,1.122830773790500086e-02,-3.807101478574149989e-02,-4.892840046193383183e-04,-5.162611289783974183e-02,4.330971856125535868e-02,5.202541311766519655e-02,7.313949635035989216e-02,7.873591603681313889e-02,-6.050220061944240613e-02,1.724279188779307137e-01,2.516545657782744971e-01,5.518176161002860680e-02,-3.497020787002886461e-02,2.861358242435787513e-01,1.392569113616741183e-01,2.240435399509009828e-01,-5.953175430826334463e-02,3.067944418951233931e-01,5.625610778243836929e-01,2.166268141910289990e-01,1.385980602277595564e-01,2.868315812546430241e-02,4.810391186389612744e-02,1.560905434982106932e-01,1.954125151038977881e-01,5.003930891145669246e-01,-2.830366035970707239e-01,3.834904693591200120e-01,3.101550753457099630e-01,2.488414586383672356e-01,8.145828885122535779e-01,5.642670278550419027e-01,6.132529229259008341e-01,2.162231745854556464e-01,2.820702378483884790e-02,1.160065309053189275e-01,3.956122948037399389e-02,6.179744922050692257e-02,-7.880046186018914434e-02,3.133338972051945559e-01,6.902085737813212774e-02,-3.521257447330954082e-02,2.224492004988106730e-01,-1.078817568787371339e-01,7.451223119460814726e-02,-1.401332189253397427e-02,-1.496779980533872734e-01,8.781756911632634943e-02,1.002524999677267825e-01,3.583291503346099777e-03,2.664564261859028726e-01,9.608009363634945066e-02,3.246849509535679190e-01,6.255968187468477493e-02,-1.068835480719080855e-01,3.032084841454879554e-01,9.679263374968727351e-02,-4.554574329388971776e-02,7.275896742422185981e-02,2.504000991535619836e-01,0.000000000000000000e+00
0.000000000000000000e+00,2.262715156705686070e-01,1.311462308066255966e+00,1.685309661737604270e-01,4.074074627671195881e-01,-2.024318213365202124e-01,2.096029232101860595e-01,1.192214881249320513e-01,2.439416558753412789e-01,-6.369692458629286347e-02,-8.499956903740623487e-03,2.086542788194785669e-01,2.796203312566829524e-01,-4.655889052702116837e-02,6.593574294490966992e-01,-3.524166162778216704e-04,6.110558621576289012e-02,-1.980581034813473987e-02,-4.922867222531097930e-02,-2.473156833421185589e-03,-1.926074190145753151e-02,1.414533766619521793e-01,-3.308008226533917240e-01,1.116465291555045619e-01,2.137413051467911690e-02,0.000000000000000000e+00,5.249007511354426558e-01,9.950695663395428547e-02,1.282744171242836823e-02,1.558139944387476328e-01,2.384760551752627133e-01,2.023354358754380355e-01,-6.686900756791776257e-02,2.684505724916074199e-01,4.858705398489426841e-01,6.596887157543724900e-01,2.015755529888756392e-01,1.777240396359009711e-01,1.954287717535339031e-01,5.966608456615872802e-01,2.304518047181496054e-01,2.787219634771551657e-01,1.566347564341842580e-01,4.680820066805212454e-01,-7.501427001373881659e-03,7.255110412750503945e-02,0.000000000000000000e+00,3.871617455085054615e-01,-8.516915086596088535e-02,0.000000000000000000e+00,1.921330122387978623e-01,4.706243352478036573e-02,4.408571670154899647e-02,-2.159549178728060320e-03,6.268163871771711970e-02,4.231629056812693523e-01,-6.942237853326639618e-02,9.264061305774284882e-03,1.604490564268084285e-01,4.033228346002806775e-02,4.652896029388772225e-01,1.408425788743611004e-02,-2.181584361203262601e-01,4.420814119450877655e-02,6.317971290145732444e-04,2.430523806435589407e-01,4.367959244581303135e-01,-1.386536474419144960e-01,3.873908813407368479e-01,2.713615843991855625e-01,1.558139944387476328e-01,1.818878196894511134e-01,0.000000000000000000e+00,-3.640774524236355947e-01,-4.425893493480258511e-01,0.000000000000000000e+00,0.000000000000000000e+00
0.000000000000000000e+00,0.000000000000000000e+00,3.575167752390009945e-01,2.422518050183719573e-02,1.577197447751676196e-01,-8.484018662102836561e-02,2.549458556436469125e-01,2.374181156107310620e-01,1.877235932927654449e-01,-7.366200121151939006e-03,6.599552418976531443e-02,-3.808468995756861264e-01,-1.900405831519567101e-01,1.294469790535092146e-01,-5.005169661460136254e-02,1.468268265174483000e-01,1.334552358512864634e-01,-6.474598198303613272e-02,-1.586478749688998227e-02,-2.555981368618635841e-02,5.750248136864603843e-02,-5.988919706806855592e-02,3.116427163351335183e-01,5.436465314460210696e-02,-5.031456930487686330e-02,0.000000000000000000e+00,1.789839710022280983e-01,5.962064732485643920e-02,-6.411618594710452590e-02,1.163075242689587674e-01,1.886069892810987580e-02,2.643102433011619290e-01,-5.690036842474083256e-02,1.248247082111127032e-01,5.173399264535567532e-01,3.167513796258972225e-01,1.990486747449277394e-01,9.757076571336058268e-02,1.597224387176993110e-02,4.358957790745907751e-02,6.439840958866882223e-03,3.064411395914591330e-01,0.000000000000000000e+00,4.331130471151234396e-01,2.073394000272423821e-01,2.749610936941805361e-01,3.513841432483661986e-01,1.205151661446073330e-01,0.000000000000000000e+00,5.054586044947235735e-01,3.496209426043345170e-02,2.394179133605329746e-01,4.278929312249347278e-02,7.463928811366421501e-02,1.263704080547382869e-01,0.000000000000000000e+00,7.014501370028822062e-03,-2.616915673782774232e-02,0.000000000000000000e+00,-5.315441533402319452e-02,2.179032250914589297e-01,5.431306971451910909e-02,-1.318242615063681400e-01,1.274912749886642806e-02,3.641080295052752380e-02,2.626464357825887830e-01,2.846498284920294108e-01,-1.448798443460130869e-03,3.059430223858431441e-01,6.843239507470439964e-01,1.163075242689587674e-01,4.125303311651709604e-01,5.054586044947235735e-01,0.000000000000000000e+00,4.234903564192005199e-02,-4.288040328725195582e-01,0.000000000000000000e+00
0.000000000000000000e+00,5.209014750833107499e-01,-5.548767965176781836e-01,1.511193814553520864e-01,0.000000000000000000e+00,-1.117192240810099685e-01,3.026005926296734261e-01,2.370774686046424606e-01,2.802021678215125267e-01,1.503395608076998902e-01,1.976189811687951992e-01,0.000000000000000000e+00,1.959228541376144828e-01,8.777792458740336645e-01,2.067343171798742552e-01,4.099743118091435379e-02,6.193528959343892748e-03,-7.257292268767510934e-02,5.084257953457649304e-02,-1.037363056730026406e-01,-4.792498125470448511e-02,-5.311199450247534870e-02,3.998024776831327065e-01,9.729518546926803346e-02,-8.348234026331652347e-02,0.000000000000000000e+00,1.950407563627077068e-01,1.060104587669086496e-01,-2.916150286776162531e-02,-3.033722561117788707e-01,1.718493924701475217e-02,2.766479611506265091e-01,-1.365495452376117025e-02,3.368668948251871686e-01,4.152748329615544298e-01,3.693509822283451149e-01,8.003317849781127480e-02,1.404315609767434470e-01,4.762683955092111843e-02,2.655413557577053774e-01,2.746951509562335358e-01,4.502479951655836143e-01,-5.357013504621344069e-02,7.882736428437886467e-02,3.425835186088029005e-02,1.923343315295058531e-01,8.088775658785589684e-01,3.936234348014667761e-01,4.894667205309892188e-01,0.000000000000000000e+00,1.012685785784992326e-01,8.570228394899925828e-02,2.231704612162130688e-02,1.018039768805734241e-01,5.749529107164905867e-02,0.000000000000000000e+00,-6.433655047771841273e-02,3.873838063085438543e-01,0.000000000000000000e+00,-3.754015331207041783e-02,4.622063329269133769e-01,-3.812174391473996393e-02,-1.449928495921025129e-01,-1.511281522236490593e-01,-5.798836675874620428e-02,1.191162652205895178e-01,-3.265661981775521694e-01,0.000000000000000000e+00,3.269973758588129997e-01,5.608115144081275982e-01,7.275185723692556561e-02,2.583090440691651613e-01,0.000000000000000000e+00,1.558139944387476328e-01,4.650812214793129673e-01,3.265561582570147836e-01,0.000000000000000000e+00
0.000000000000000000e+00,3.159136323248850631e-01,1.146660002780856280e-01,1.244579720161675951e-03,-1.130472564406815594e-01,-1.351664609373211812e-01,-9.518943316457673109e-01,-6.423987181772450317e-02,3.979701941116459141e-02,1.167148519562305475e-01,1.365804867640940112e-01,-2.688612508794291922e-01,9.231423276575503878e-02,1.723196194156254857e-01,2.981940383655188320e-01,1.567378569838206448e-01,1.299401096438217995e-01,-7.232030606360458080e-02,4.557716235961415535e-02,5.407451906427459404e-02,1.176065543797283897e-01,3.771713831223246632e-02,4.475986528071889126e-01,1.775835669139908535e-01,-3.045395593782514870e-02,1.091024052296037272e+00,3.370744580521871647e-01,7.394388480068042613e-02,-8.016669364337065951e-02,2.179032250914589297e-01,1.306145118618956269e-01,2.777459021188714017e-01,9.668153437314487564e-02,2.740575833480683454e-01,5.879414003108476283e-01,5.891843646469274720e-01,1.548672174063075724e-01,1.523413344763016319e-01,2.337468616270086674e-01,3.871430196010930413e-01,1.103740408440273990e+00,-2.841837988778358332e-02,3.789450921401671390e-02,-3.332327359972607761e-01,3.899798249308852327e-01,3.967650270254563516e-01,1.862617532318448510e-01,4.627235394419709769e-02,4.350162013740363487e-01,2.307147992771735323e-01,4.873463993050619614e-02,2.013111381266313726e-01,1.917649824966964900e-01,-2.340754665361260978e-02,3.926208335925300552e-02,5.336509918173193423e-01,-1.082540366960917100e-01,4.384912496781379065e-02,-3.037129031178666949e-01,-6.919980409172840630e-02,-1.030838010160694679e-01,-1.733244764794683590e-02,-3.377409823118933396e-02,2.748374672885038894e-01,3.093084315455609801e-01,8.005342534644096508e-01,2.063040618622941080e-01,3.035896467297519719e-01,5.084010054703808068e-01,3.300430590760906058e-01,4.480787677965363258e-01,-8.469906993894755695e-03,3.980386029803937853e-01,-9.127332816054081754e-02,1.977086609491742752e-01,2.529229783864342940e-01,0.000000000000000000e+00
0.000000000000000000e+00,4.749340797513526558e-01,5.870627256667069194e-01,2.365973536152943812e-01,-1.714871243746650675e-01,-2.017687328183497691e-02,-1.496531353791085220e-02,1.020917558579294004e-01,2.365973536152943812e-01,1.973036959054625394e-01,-3.901464538214351185e-02,0.000000000000000000e+00,6.340282679104550234e-02,6.437039745291736614e-03,2.782149728552437695e-01,9.086554516322888075e-02,9.000220000474961068e-01,6.188396195330915159e-03,1.119247650726268306e-03,1.833353914889533642e-01,-4.448184999682591179e-01,0.000000000000000000e+00,4.464372438056631864e-01,3.790433281643154628e-02,-6.065807658969713662e-02,1.571148714235316712e-01,1.050130441020400394e-02,1.482360212399749244e-01,5.274425454064274321e-02,-4.591862505505264758e-01,1.823610903512652426e-01,3.495921246965317808e-01,-2.008478449071218058e-02,3.712380379380941786e-01,6.289892796548360865e-01,2.480878523822409865e-01,2.101595495587993412e-01,1.094972230738747998e-01,2.866599116460170071e-01,1.909595998307505316e-01,-2.042386219394697333e-01,5.405241737807120472e-01,4.627235394419709769e-02,-1.975415030579036335e-02,5.713886281382978272e-01,5.784797781999062583e-01,1.558139944387476328e-01,-4.774439520089000799e-02,4.612108389883229909e-01,0.000000000000000000e+00,4.589464461793196781e-02,2.043255023984287544e-01,1.581370019183759579e-01,3.007018191958658881e-02,1.838899522072515863e-02,0.000000000000000000e+00,-2.980972654874314287e-02,1.562722826729329439e-01,1.171282862643953926e-01,-2.000355793203412169e-01,2.694698434356668781e-01,-1.008886209398801859e-01,-2.335620972635100989e-02,1.710777228018969254e-01,2.014197016751529679e-01,8.621493865757445807e-01,4.199176493719145586e-01,0.000000000000000000e+00,5.695878899094029002e-01,5.162976463427948470e-01,4.727564718713977987e-02,4.278841040824133968e-01,2.387189925955150449e-01,1.510098667523109700e-02,7.828033219797372322e-01,0.000000000000000000e+00,0.000000000000000000e+00
0.000000000000000000e+00,2.486917932714375890e-01,-3.578738337863821561e-01,1.101614164317033850e+00,4.792746309497604162e-01,1.127358642754301421e-01,4.139136020928747550e-01,-1.427517687421161474e-01,3.207339826055262133e-01,8.248475178576436528e-02,3.055976179309878860e-01,-7.816969155652543633e-02,7.515610425019449148e-02,5.197024756462702566e-01,-1.844604982831521411e-02,3.741854070163838641e-02,5.445807277860392759e-01,3.058214648192549706e-02,-8.969908706051164110e-03,-5.405788812299892193e-02,-3.374665125809848953e-02,2.789820788397305226e-02,-6.985328577233514968e-01,-1.108472665352015080e-02,2.060297729676884015e-03,0.000000000000000000e+00,0.000000000000000000e+00,1.673775968751979315e-01,5.547679700770397071e-02,-5.902136068906036620e-02,2.596625104547419793e-01,0.000000000000000000e+00,2.352742971926463297e-02,-2.254835110107425086e-02,3.412888668018203009e-01,4.659521343249347081e-01,1.148595135824399954e-01,1.365022004129451683e-01,-3.836353673895787075e-03,3.735610644834113647e-01,1.481728940324977373e+00,2.182831573875023690e-01,5.054586044947235735e-01,2.392236665580234067e-01,7.612000455797520715e-01,1.901682072261040024e-01,2.388019548225090993e-01,5.193104046973618937e-01,6.003559522456765052e-01,-4.651541524829672647e-01,5.540589923880824552e-02,-3.820103619786801435e-02,3.352682822692325953e-02,2.632977873374475197e-01,1.908154402015781181e-01,-2.688612508794291922e-01,-1.613199191309763192e-01,4.108155126278802138e-02,0.000000000000000000e+00,-1.551933444431557174e-01,9.541979225216516980e-01,-3.338772645568251207e-02,-1.717450439914938176e-01,1.634757539309968921e-01,7.159634412154568250e-02,-3.084016789218713139e-03,5.414466433885256613e-02,-7.455135131573076279e-02,4.964851578703207702e-01,4.507424336671610465e-01,1.558139944387476328e-01,4.943744219806694984e-01,1.634784922207352054e+00,1.184137304619718112e+00,1.154586908890922192e+00,7.682096503574371571e-01,0.000000000000000000e+00
0.000000000000000000e+00,-1.084014106122464655e-01,8.989505074033355969e-01,-5.902136068906036620e-02,4.485588827858838501e-01,2.358070353116452633e-01,1.879144321864570921e-01,6.490021330474834427e-01,8.398282608484994860e-01,2.494253657886534026e-01,3.410563300719474666e-01,0.000000000000000000e+00,-6.241062930985377677e-03,5.564121373092299760e-02,-4.899012321415421867e-02,-1.691107010396821712e-03,-2.110150851728398447e-02,-2.484616205873955985e-02,-1.123831658929514143e-01,-4.503176823067368828e-02,-3.051179654091758231e-02,1.121245360434389715e-01,1.245844845126008016e+00,-3.280995308302954005e-03,-1.836746770653335803e-02,1.558139944387476328e-01,4.923195890260358976e-01,3.649621997962886055e-02,-2.267492910407548773e-02,-7.811592421014355025e-01,1.843450596238928318e-02,1.009541016369304572e-01,1.305312440809685941e-02,-1.141846486307356717e-01,4.361182412626662952e-01,-1.420375785701043503e-01,1.978696938531289140e-01,8.186199609871630534e-02,-1.207030951113635675e-01,2.236379107712493375e-01,6.521533519972149140e-01,1.116633713118039051e+00,0.000000000000000000e+00,1.255552705540619707e+00,2.829161659421514097e-01,3.209034149997384011e-01,-8.408155508064352190e-02,5.719316910067350213e-01,3.666779345375277277e-01,-2.025398618612174739e-01,1.070232866827178775e-01,-2.246337478961700149e-02,7.548942898302514470e-02,2.147738582686860576e-01,5.089948592954887663e-02,0.000000000000000000e+00,-8.730646320675967964e-02,-8.431596692848515595e-02,0.000000000000000000e+00,3.285061785858753858e-01,5.988174507792016765e-01,-1.630066776392092298e-01,-2.456502562759423913e-01,-7.161477661099202585e-02,1.120375625986922141e-01,-8.845790575859824312e-03,6.702567072956966410e-02,2.193672658799938890e-02,3.636028101104767929e-01,6.008919680873525682e-02,0.000000000000000000e+00,-1.641470905201120045e-02,0.000000000000000000e+00,9.756771663195851207e-02,4.621548731467862714e-01,-7.974473459342906745e-02,0.000000000000000000e+00
